<?xml version="1.0" encoding="UTF-8" standalone="no"?>
<project>
	<configuration id="org.eclipse.cdt.core.default.config.1" name="Configuration">
		<extension point="org.eclipse.cdt.core.LanguageSettingsProvider">
			<provider copy-of="extension" id="org.eclipse.cdt.debug.application.DwarfLanguageSettingsProvider"/>
			<provider class="org.eclipse.cdt.internal.build.crossgcc.CrossGCCBuiltinSpecsDetector" console="false" env-hash="-1610397174050267422" id="org.eclipse.cdt.build.crossgcc.CrossGCCBuiltinSpecsDetector" keep-relative-paths="false" name="CDT Cross GCC Built-in Compiler Settings" parameter="${COMMAND} ${FLAGS} -E -P -v -dD &quot;${INPUTS}&quot;" prefer-non-shared="true">
				<language-scope id="org.eclipse.cdt.core.gcc"/>
				<language-scope id="org.eclipse.cdt.core.g++"/>
			</provider>
			<provider copy-of="extension" id="org.eclipse.cdt.managedbuilder.core.GCCBuildCommandParser"/>
			<provider class="org.eclipse.cdt.managedbuilder.language.settings.providers.GCCBuiltinSpecsDetector" console="false" env-hash="-1610397174050267422" id="org.eclipse.cdt.managedbuilder.core.GCCBuiltinSpecsDetector" keep-relative-paths="false" name="CDT GCC Built-in Compiler Settings" parameter="${COMMAND} ${FLAGS} -E -P -v -dD &quot;${INPUTS}&quot;" prefer-non-shared="true">
				<language-scope id="org.eclipse.cdt.core.gcc"/>
				<language-scope id="org.eclipse.cdt.core.g++"/>
			</provider>
			<provider class="org.eclipse.cdt.managedbuilder.internal.language.settings.providers.GCCBuiltinSpecsDetectorCygwin" console="false" env-hash="-1610397174050267422" id="org.eclipse.cdt.managedbuilder.core.GCCBuiltinSpecsDetectorCygwin" keep-relative-paths="false" name="CDT GCC Built-in Compiler Settings Cygwin" parameter="${COMMAND} ${FLAGS} -E -P -v -dD &quot;${INPUTS}&quot;" prefer-non-shared="true">
				<language-scope id="org.eclipse.cdt.core.gcc"/>
				<language-scope id="org.eclipse.cdt.core.g++"/>
			</provider>
			<provider class="org.eclipse.cdt.managedbuilder.internal.language.settings.providers.GCCBuiltinSpecsDetectorMinGW" console="false" env-hash="-1610397174050267422" id="org.eclipse.cdt.managedbuilder.core.GCCBuiltinSpecsDetectorMinGW" keep-relative-paths="false" name="CDT GCC Built-in Compiler Settings MinGW" parameter="${COMMAND} ${FLAGS} -E -P -v -dD &quot;${INPUTS}&quot;" prefer-non-shared="true">
				<language-scope id="org.eclipse.cdt.core.gcc"/>
				<language-scope id="org.eclipse.cdt.core.g++"/>
			</provider>
			<provider copy-of="extension" id="org.eclipse.cdt.autotools.core.LibtoolGCCBuildCommandParser"/>
			<provider copy-of="extension" id="org.eclipse.cdt.ui.UserLanguageSettingsProvider"/>
			<provider-reference id="org.eclipse.cdt.core.PathEntryScannerInfoLanguageSettingsProvider" ref="shared-provider"/>
			<provider-reference id="org.eclipse.cdt.core.ReferencedProjectsLanguageSettingsProvider" ref="shared-provider"/>
		</extension>
	</configuration>
</project>
